	drug1	drug2	proportional_reporting_ratio	pvalue	confidence	observed	expected
0	GABA	KCl	124.09664381890029	7.2557806828193975e-146	14	0.5085999999999999	0.0197668463617
1	GABA	acetaminophen	39.47278287253048	1.33818022657398e-72	13	0.2822	0.06273307291659999
2	GABA	acyclovir	246.59502003416281	7.027151243178628e-120	14	0.35619999999999996	0.00517697228148
3	GABA	allopurinol	8.27919870271295	6.810229850546398e-162	4	0.1223	0.014771960958
4	GABA	amlodipine	83.3365548609058	0.0	5	0.3357	0.0040282442748
5	GABA	amphotericin B	50.0520327913345	1.1807030025363351e-31	11	0.2351	0.0592396694219
6	GABA	aspirin	59.7190719270621	7.0827472192486484e-205	5	0.1349	0.0022589098531999997
7	GABA	atorvastatin	8537.496699094912	5.966833314029168e-113	9	0.5730000000000001	0.050862427745341
8	GABA	azathioprine	696.0361304858909	2.3988810789812688e-161	14	0.5959	0.04401515151511
9	GABA	aztreonam	16.7752293577212	1.3600101004325394e-183	5	0.1219	0.0072666666667
10	GABA	cefepime	17.034944949377902	0.0	5	0.3295	0.019342592593000002
11	GABA	ceftazidime	31.03205240775272	2.8085297224151885e-272	10	0.8025	0.1118849557473
12	GABA	ceftriaxone	175.104477610634	0.0	5	0.3352	0.0019142857142999997
13	GABA	ciprofloxacin	3.3937089715765096	7.116671732426229e-152	4	0.1647	0.04853097345099999
14	GABA	cortisol	14.5723880597559	1.4109973764449492e-190	5	0.1415	0.009710144927499999
15	GABA	cyclophosphamide	295.91784441574214	8.251677713812078e-116	8	0.1578	0.011254716981530001
16	GABA	cyclosporine	39.714624086345594	2.8426659562856904e-115	8	0.1416	0.0071477045908999995
17	GABA	famotidine	26.29306335363014	3.478158295066079e-170	9	0.49250000000000005	0.0545125164691
18	GABA	fluconazole	40.13661762805053	4.0185168997294487e-85	9	0.1966	0.0146084337351
19	GABA	fludarabine	6.413445378259049	5.321512587077418e-156	4	0.1272	0.019833333333
20	GABA	furosemide	56.01154759107998	7.992521387908457e-194	15	0.5627	0.0405117912695
21	GABA	ganciclovir	156.2557166043317	3.399321183974028e-194	10	0.3743	0.0046811594203
22	GABA	gentamicin	4.721402214065701	2.4961699971539787e-184	5	0.1706	0.036133333333
23	GABA	heparin	91.6460048416238	2.103187385961649e-244	5	0.1791	0.0019542586750999997
24	GABA	lansoprazole	15.0789125465947	5.603335602979139e-154	4	0.10300000000000001	0.0068307313064999995
25	GABA	linezolid	7.394938132691821	0.0	5	0.5057	0.068384615385
26	GABA	lorazepam	115.9494788086168	2.715083630449397e-279	10	0.4465	0.0077019027484
27	GABA	methylprednisolone	79.7299622928988	9.562612161790289e-71	13	0.4236	0.0446489361707
28	GABA	metronidazole	10.1729974157447	1.5299097080813496e-151	4	0.1109	0.010901408451
29	GABA	morphine	20.705090756402267	6.877670479665308e-138	13	0.5071	0.076608286252
30	GABA	omeprazole	75.83553283978102	4.8625501167288694e-85	13	0.36319999999999997	0.0505665760869
31	GABA	ondansetron	23.6856812115996	8.091289750613618e-157	9	0.43679999999999997	0.03505974026
32	GABA	pantoprazole	69.79800649055859	9.015881256466268e-140	9	0.2517	0.0252215709263
33	GABA	prednisolone	372.175076327502	2.01598203828837e-95	13	0.2449	0.00840864714092
34	GABA	prednisone	29.587759423484197	3.313913475062746e-142	8	0.1945	0.0134574616458
35	GABA	propofol	468.433333328649	7.1822553261964064e-183	5	0.1222	0.00026086956522
36	GABA	ranitidine	57.19368012268817	4.271438632423599e-204	10	0.3266	0.0247724137927
37	GABA	salbutamol	203.376158939178	7.258158509326615e-239	5	0.1692	0.00083195592287
38	GABA	sulfate	55.277993294484	7.978537967250867e-179	10	0.44510000000000005	0.0790722222219
39	GABA	tacrolimus	66.14125461701467	7.235365903179358e-51	7	0.1407	0.0184736842103
40	GABA	ursodeoxycholic acid	63.0936106991905	5.853860827387657e-231	5	0.1685	0.0026706349206
41	GABA	vancomycin	110.94305465404672	1.3998499678110001e-45	11	0.2892	0.08327876106196
42	GABA	vecuronium	147.5871496924129	0.0	10	0.9938	0.014825
43	GABA	warfarin	20.7359697891221	1.5899375438861092e-230	5	0.171	0.0082465397924
44	PGE2	zolpidem	6.1069505030634295	2.640162873473499e-234	5	0.2192	0.035893528184000004
45	adenosine	KCl	66.942074981346	5.780696735775647e-271	10	0.5063	0.0241668757845
46	adenosine	NaCl	23.352100840826697	0.0	5	0.2826	0.012101694915
47	adenosine	acetaminophen	19.64034683182159	7.577801906213046e-56	14	0.2504	0.058360000000300005
48	adenosine	acyclovir	17.24127016080536	8.066146506492078e-58	7	0.10800000000000001	0.0131216730038
49	adenosine	allopurinol	7.63470817143319	4.0618364352027785e-113	4	0.083	0.010871404399000001
50	adenosine	amiodarone	20.863663506808273	3.0404470233031695e-51	7	0.1318	0.0121155988858
51	adenosine	amlodipine	292.7410030330752	0.0	10	1.2208	0.0100124359912
52	adenosine	aspirin	10.17395064126367	1.4749631269866006e-14	7	0.0484	0.014512232415900002
53	adenosine	atenolol	1.9027489273365	1.7823334297741195e-81	4	0.1635	0.085928310168
54	adenosine	atorvastatin	104.7951909550004	2.158355913832617e-96	17	0.4018	0.0202577030812
55	adenosine	carvedilol	28.7253757738582	2.5552102655542694e-140	4	0.0861	0.0029973498233
56	adenosine	cefazolin	302.1257884301922	5.445842386390167e-229	10	0.3358	0.0065866666667
57	adenosine	cefepime	3.16086105675147	7.973494297014478e-170	4	0.2019	0.063875
58	adenosine	ceftriaxone	66.9208672084907	0.0	5	0.6674	0.009972972973
59	adenosine	cephalexin	4.97073924158394	1.2025644626080395e-210	5	0.1969	0.039611814345999995
60	adenosine	citalopram	2.6109992253973098	3.407659869792479e-138	4	0.1696	0.064955974843
61	adenosine	clarithromycin	47.017889319462604	0.0	5	0.6893	0.014660377358
62	adenosine	clonidine	16.932124758905097	1.7519883911632588e-306	5	0.254	0.015001070663999999
63	adenosine	clopidogrel	10.8505615973367	5.034736713324459e-81	4	0.0494	0.0045527597403
64	adenosine	cortisol	210.2022958179442	2.0759319849183348e-120	13	0.38	0.005109452736300001
65	adenosine	cyclosporine	10.038735177816	9.353248423413958e-143	4	0.0996	0.0099215686275
66	adenosine	digoxin	39.4310050208927	5.766542980684578e-106	9	0.21509999999999999	0.0106895578551
67	adenosine	diltiazem	17.78056670898592	1.3256083340111798e-101	8	0.1575	0.021523769100400002
68	adenosine	epinephrine	230.64057496402157	4.31929960542105e-230	20	0.8294	0.0142152777776
69	adenosine	famotidine	18.82738075568401	4.7270679350555846e-110	8	0.16249999999999998	0.0211165644172
70	adenosine	fentanyl	67.9425637264583	2.609195941252929e-149	9	0.27390000000000003	0.0078452237001
71	adenosine	fluconazole	4.87089810019458	3.43148977105443e-92	4	0.0725	0.014884318766
72	adenosine	fludarabine	6.87973473162273	1.2580712848029394e-189	5	0.1634	0.023750915751
73	adenosine	furosemide	62.73537161163394	6.294969100970429e-33	14	0.18280000000000002	0.013682485322900001
74	adenosine	glipizide	120.42026047405841	8.535954217366175e-186	10	0.2483	0.0044813359529
75	adenosine	heparin	15.642014229984	2.7955820171707295e-55	7	0.0997	0.018356521739299997
76	adenosine	hydrochlorothiazide	1.7139343707774601	1.82160123192755e-47	3	0.1099	0.064121475054
77	adenosine	ibuprofen	21.038779026145512	1.407902185020952e-76	12	0.2901	0.07153566230000001
78	adenosine	ipratropium bromide	3.33642308785423	6.010574111230949e-87	4	0.0954	0.028593495935
79	adenosine	lansoprazole	250.7799199731218	2.1935576362529844e-31	16	0.72	0.011803137254929999
80	adenosine	lidocaine	558.6868281194596	4.288549879135551e-173	20	0.6273	0.02354597701159
81	adenosine	lorazepam	117.093234741158	6.068680715080648e-199	10	0.3753	0.0097894736842
82	adenosine	melphalan	4.72564417188158	4.919702099606729e-102	4	0.0882	0.018664122137
83	adenosine	metformin	10.2687350161714	6.618046478454427e-204	5	0.1672	0.016282433984000002
84	adenosine	methotrexate	10.8231070662309	5.172661609681818e-289	5	0.2489	0.022997093023
85	adenosine	methylprednisolone	48.83803271278771	7.572794308382804e-254	10	0.39649999999999996	0.01716
86	adenosine	metoclopramide	76.74248585738096	3.700378576975219e-175	15	0.5422	0.0705129310347
87	adenosine	metoprolol	2.4553749063238	4.026620809518669e-155	4	0.2109	0.08589319678099999
88	adenosine	metronidazole	96.56144967969273	1.2219211732836998e-125	17	0.5033	0.0592389380523
89	adenosine	montelukast	139.282749677137	3.5938624021725084e-270	5	0.203	0.0014574669187000001
90	adenosine	morphine	57.00947894846411	2.0769381424784242e-187	10	0.2524	0.0089830795262
91	adenosine	nifedipine	54.5934435571062	2.0827025206061047e-203	10	0.3055	0.0165830546262
92	adenosine	nitroglycerin	25.81333939130456	1.6310077506317696e-115	13	0.4481	0.0587012089804
93	adenosine	ofloxacin	18.69581300271921	7.745693895548876e-228	10	0.4143	0.049502688172
94	adenosine	omeprazole	3.47479248991177	3.43344860891129e-16	5	0.12490000000000001	0.070880372175
95	adenosine	oxycodone	7.92632319590547	1.8229576002804692e-181	5	0.1432	0.018066384180999998
96	adenosine	pantoprazole	10.583245598578682	6.058995389553609e-64	7	0.1809	0.056161894272999995
97	adenosine	pioglitazone	7.8599624873302005	5.024334544604518e-202	5	0.1684	0.02142503864
98	adenosine	prednisolone	193.15424790352202	2.1646410431413195e-163	9	0.3681	0.034957637997329996
99	adenosine	pregabalin	19.3178194855347	0.0	5	0.7213	0.037338582677
100	adenosine	propofol	70.048411643175	2.7165208008047495e-133	8	0.2037	0.011061728395000001
101	adenosine	ramipril	3.92129713912096	1.967304577969269e-293	5	0.3372	0.085991953182
102	adenosine	ranitidine	14.3636045494062	2.7192819771390684e-302	5	0.2648	0.018435483871
103	adenosine	ribavirin	16.8483388531636	6.160088546930556e-274	5	0.22	0.013057667104
104	adenosine	rofecoxib	29.6827158344755	0.0	5	1.0	0.03368963964
105	adenosine	salbutamol	74.6732107057983	3.966584958531299e-138	9	0.3042	0.015137579617599999
106	adenosine	sertraline	87.481618382973	1.5778344166910293e-237	5	0.1707	0.0019512670564999998
107	adenosine	simvastatin	6.46092890928531	7.69092809075142e-21	5	0.0577	0.0175282784337
108	adenosine	sodium bicarbonate	214.4724636692908	1.0650575215283494e-252	10	0.5858	0.0185196850398
109	adenosine	sulfate	132.102747253183	1.5144284073471892e-280	5	0.1987	0.0015041322314000001
110	adenosine	tacrolimus	190.508823523248	2.9729244068894875e-305	5	0.2399	0.0012592592593
111	adenosine	thyroxine	16.46590826496617	2.5803993248049696e-74	8	0.126	0.0202212034386
112	adenosine	tiotropium	8.981144945013769	2.250392557674009e-182	5	0.1463	0.01628968254
113	adenosine	ursodeoxycholic acid	6.80048913039413	6.695665563347027e-198	5	0.1594	0.023439490446
114	adenosine	valacyclovir	3.8709424083692903	1.29956388460956e-42	3	0.0371	0.009584229390700002
115	adenosine	valsartan	60.01959024767146	1.7601450647320196e-156	9	0.249	0.023767467248500002
116	adenosine	vancomycin	177.3499629394077	2.85154609564601e-186	10	0.2531	0.004231316725999999
117	adenosine	verapamil	132.3020221754695	2.2988417574467596e-157	12	0.2999	0.0074131736527
118	adenosine	warfarin	101.15796314972775	4.037905325600579e-80	8	0.18719999999999998	0.05529611248971
119	adenosine	zolpidem	184.68419958246514	1.2050367238796596e-118	14	0.4956	0.07766666666659
120	carnitine	amlodipine	250.6007246874716	4.975783791058819e-174	10	0.3742	0.01656818181782
121	carnitine	aspirin	411.65982628813555	3.760344870770819e-170	9	0.3516	0.05722558746738
122	carnitine	atorvastatin	67.445884883599	2.750082016188029e-120	4	0.0721	0.0010690051754
123	carnitine	bupropion	12.69355940186901	6.230834450074908e-157	9	0.3319	0.07042519685000001
124	carnitine	calcitriol	7.854785478375031	8.372975284301968e-134	4	0.102	0.012985714286
125	carnitine	calcium	77.57999999937941	9.144284598628783e-282	5	0.2155	0.0027777777778
126	carnitine	carvedilol	15.581885033269101	4.648888207727987e-215	5	0.1597	0.010249080882
127	carnitine	cinacalcet	403.36363636272006	8.871633087043155e-263	5	0.1972	0.0004888888888900001
128	carnitine	citalopram	2139.3783216142897	0.0	5	0.3373	0.00015766262404
129	carnitine	clopidogrel	3.66495347194969	1.2587851464050796e-204	5	0.2232	0.060901182432
130	carnitine	diazepam	5.3793645961166705	2.2061358938158392e-166	4	0.1462	0.027177931034
131	carnitine	didanosine	2.27078433991031	2.0971794759486298e-83	4	0.1273	0.056059925094
132	carnitine	digoxin	23.00559830227154	1.0958797245643396e-96	9	0.24559999999999998	0.0286839530328
133	carnitine	fexofenadine	39.8242109470229	0.0	5	0.2848	0.0071514285714
134	carnitine	folate	6.33527912214085	4.684755674490258e-258	5	0.2349	0.037078082192000004
135	carnitine	furosemide	58.8861209310749	3.453962706282139e-57	13	0.5127999999999999	0.0335317341331
136	carnitine	gabapentin	62.5197505187107	2.303483875841649e-191	5	0.1253	0.0020041666667000003
137	carnitine	glipizide	9.153581574875929	2.4411037233908684e-234	5	0.1957	0.021379609544000002
138	carnitine	heparin	1.9161515065016201	3.87314692294776e-59	3	0.1141	0.059546439628
139	carnitine	isosorbide-5-mononitrate	4.27420692636372	2.3526371772969697e-104	4	0.0874	0.020448237885
140	carnitine	lactulose	27.1408577877491	1.2246256521061196e-280	5	0.2073	0.007637931034500001
141	carnitine	lamotrigine	4.29207222160165	4.155095227190419e-169	4	0.1678	0.039095334685999995
142	carnitine	lansoprazole	2.5577308527524902	5.914552124720739e-65	3	0.0796	0.031121335505
143	carnitine	levetiracetam	26.264994466898198	1.8296990094229092e-269	5	0.2052	0.0078126801153
144	carnitine	lisinopril	42.14150977208043	2.341247201249319e-108	13	0.6795	0.08245448323099999
145	carnitine	loratadine	6.24329559756438	2.425151724171469e-234	5	0.2051	0.032851239669
146	carnitine	lorazepam	5.6004058277767	7.099426488885128e-178	5	0.1436	0.025640998959
147	carnitine	metoclopramide	16.8021978023798	2.0084217474410098e-125	4	0.077	0.0045827338129
148	carnitine	metoprolol	2.17270662240388	4.984003638380778e-119	4	0.1884	0.086712121212
149	carnitine	nicotine	370.3232423621547	0.0	10	0.9967999999999999	0.0394615384619
150	carnitine	nicotinic acid	54.0671085857459	1.2270282476417496e-143	4	0.0859	0.0015887662989000002
151	carnitine	nitroglycerin	13.8440707255315	1.75078e-318	5	0.2817	0.020348061317
152	carnitine	nortriptyline	35.92557679303172	2.488368690861389e-125	14	1.1869	0.1154896
153	carnitine	omeprazole	63.75912914329622	2.7392142378079802e-17	9	0.1169	0.029538808663959998
154	carnitine	pantoprazole	10.4987842671447	3.698693112372738e-246	5	0.2039	0.019421296296
155	carnitine	paricalcitol	99.64310645631414	3.02710821795171e-19	5	0.0523	0.01069090909073
156	carnitine	prednisolone	17.79722054053357	6.079119480198078e-134	9	0.3962	0.05163424657580001
157	carnitine	ranitidine	6.742474916243641	2.7033357183118796e-111	4	0.09	0.013348214286
158	carnitine	risperidone	3.2091622261548	1.2403190293604798e-144	4	0.1645	0.051259484067000004
159	carnitine	ritonavir	21.214943558635103	0.0	5	0.4954	0.023351464435
160	carnitine	rofecoxib	35.9336163118472	0.0	10	1.8887	0.11725379310299999
161	carnitine	sevelamer	7.00102695742231	5.040603037598189e-114	4	0.0814	0.011626865672
162	carnitine	simvastatin	103.431830007108	3.105594919207998e-219	5	0.1526	0.0014753678823
163	carnitine	testosterone	9.5769066895825	5.963991540880417e-213	5	0.16899999999999998	0.017646616541
164	carnitine	thyroxine	58.7823970037293	5.185209710042607e-72	8	0.09140000000000001	0.005786846741089999
165	carnitine	topiramate	54.1136842102985	1.753233080314189e-209	5	0.1428	0.0026388888889
166	carnitine	valproic acid	61.36407982255873	1.8601869261543498e-67	7	0.10200000000000001	0.01013378684812
167	carnitine	warfarin	120.71994237409196	8.530102832770855e-274	10	0.5349	0.0744888507723
168	carnitine	zolpidem	57.25260964543429	2.6796994597647585e-272	5	0.1991	0.0034775707384
169	galactose	5-fluorouracil	2.06777631770729	1.7951829776084398e-92	4	0.1676	0.08105325443799999
170	galactose	KCl	31.518031011456067	6.069218578337943e-19	11	0.0921	0.01777615894081
171	galactose	NaCl	7.16707765547031	1.5027518454162965e-14	7	0.10189999999999999	0.049956521738899994
172	galactose	abacavir	44.23719676520061	0.0	5	0.2984	0.0067454545455
173	galactose	acetaminophen	23.06803940469257	2.2401588686473154e-87	12	0.2121	0.042325224071800005
174	galactose	acyclovir	54.09229167907327	1.2736441159911693e-54	14	0.286	0.04790909090947
175	galactose	allopurinol	20.171819198894738	1.1289898421332897e-86	9	0.40149999999999997	0.034653508772000005
176	galactose	amitriptyline	198.53226837144402	1.1869375762373895e-261	5	0.1979	0.00099681528662
177	galactose	amlodipine	217.77413194465018	8.7000440252761e-25	7	0.1455	0.02559516616339
178	galactose	aspirin	87.16663635019142	1.7603537251501396e-56	12	0.29269999999999996	0.0313326392502
179	galactose	atenolol	36.7440366974331	1.5491779250015696e-154	4	0.0968	0.0026344410875999997
180	galactose	atorvastatin	27.577740479239303	1.9104335634860797e-191	10	0.3675	0.029333333333000002
181	galactose	atovaquone	29.841067596954698	0.0	5	0.815	0.027311355311
182	galactose	atropine	71.551351351158	0.0	5	0.5978	0.0083548387097
183	galactose	azithromycin	29.3939770552667	0.0	5	0.7986	0.027168831169
184	galactose	bupivacaine	6.86475195800946	2.4347955276365792e-124	4	0.0939	0.013678571429000001
185	galactose	calcium chloride	19.24035344474119	1.72797664234326e-139	8	0.2157	0.0227731958761
186	galactose	carboplatin	13.61789855492703	3.02794605683931e-53	8	0.33599999999999997	0.044216374269
187	galactose	carvedilol	6.899212520433309	2.4478416015596396e-164	4	0.1278	0.018523853211000002
188	galactose	cefepime	6.66736665266695	1.4884167616399194e-267	5	0.254	0.038096
189	galactose	ceftriaxone	4.46372610050181	5.304922155754967e-222	5	0.2221	0.049756637167999995
190	galactose	ciprofloxacin	6.30533175356146	1.18784035458262e-46	7	0.1548	0.048690140845
191	galactose	cisplatin	13.3321124360931	4.355347136923488e-220	5	0.1683	0.012623655914
192	galactose	citalopram	72.7968463309158	3.0160932730778204e-80	8	0.10200000000000001	0.004954845814959999
193	galactose	clarithromycin	1.6406258578131	1.20865942816842e-17	2	0.0482	0.029379032258000003
194	galactose	clonidine	4.344674556156161	1.2401296387727996e-102	4	0.0858	0.019748314607
195	galactose	clopidogrel	43.9627118645323	3.181220534123e-312	5	0.2489	0.005661616161600001
196	galactose	cortisol	13.06547399830412	3.06845431319525e-06	9	0.1779	0.0404220779214
197	galactose	cyclophosphamide	28.779977586808	1.0575332845705095e-231	5	0.1751	0.0060840909091000005
198	galactose	dexamethasone	5.25038360039316	1.2582395790983822e-17	5	0.0511	0.019831404958600002
199	galactose	diazepam	14.213083240527538	2.1976346814067395e-83	8	0.17759999999999998	0.0377372764788
200	galactose	diclofenac	12.790846456719999	3.733861096595649e-115	4	0.079	0.006176291793300001
201	galactose	digoxin	22.31595437544423	8.547017828503628e-121	9	0.335	0.041884878049299995
202	galactose	diltiazem	8.53675301359823	4.889461257222498e-238	5	0.2051	0.024025528169
203	galactose	doxorubicin	5.7842535281182	1.9922788665038892e-77	4	0.0587	0.010148241206
204	galactose	efavirenz	17.339704069084	0.0	5	1.0	0.057671111111000005
205	galactose	epinephrine	65.07257844549329	4.208241261007388e-265	5	0.1971	0.0030289256198
206	galactose	ethambutol	143.042553190729	0.0	5	0.498	0.0034814814815000003
207	galactose	ezetimibe	37.8009204022898	0.0	5	0.33299999999999996	0.008809309309299998
208	galactose	famotidine	22.40399891119352	0.00404259839840554	8	0.1021	0.024889896373500003
209	galactose	fentanyl	7.0620335640140794	4.38982138626222e-51	7	0.1204	0.034471867007
210	galactose	fexofenadine	48.7124158565862	0.0	5	0.369	0.0075750708215000006
211	galactose	fluconazole	121.73653881436806	2.6643769363771814e-81	12	0.21000000000000002	0.0099337175793
212	galactose	folate	293.97882382872467	2.0257423051685503e-69	7	0.08499999999999999	0.0030613915416400003
213	galactose	foscarnet	20.253164556962	0.0	5	1.0	0.049375
214	galactose	furosemide	28.86330465400625	4.51850130751946e-07	12	0.2184	0.05603842315343
215	galactose	gabapentin	27.452428806274288	2.5299196686486692e-108	9	0.367	0.032918282549
216	galactose	ganciclovir	3.2998740554322405	2.0297368502067993e-129	4	0.1379	0.041789473684
217	galactose	glibenclamide	20.612554222632102	6.465428452393706e-270	5	0.2066	0.010023017903
218	galactose	haloperidol	4.542624150559321	7.613256785906658e-107	4	0.0909	0.020010460251
219	galactose	heparin	6.30564673902511	4.18675670883321e-14	8	0.1691	0.081881355933
220	galactose	hydromorphone	4.599952759617981	2.868813178448719e-122	4	0.1072	0.023304587156000003
221	galactose	hydroxyzine	67.5069060773481	1.2467407068498792e-264	5	0.1955	0.002896
222	galactose	ibuprofen	55.7749843836892	1.84305290135978e-186	10	0.2555	0.0093167701863
223	galactose	indinavir	27.3728369805018	0.0	5	0.6658	0.024323383084999997
224	galactose	ipratropium bromide	9.03166901746452	7.745277411435348e-72	8	0.15410000000000001	0.0409876543211
225	galactose	lactulose	28.2454072791078	6.099948412098649e-141	4	0.0926	0.0032784090909
226	galactose	lamivudine	6.32891640882026	3.096192408545829e-148	4	0.1212	0.019150197628
227	galactose	lansoprazole	50.532750382135596	2.5883339262558123e-176	10	0.2569	0.016188464662400003
228	galactose	latanoprost	130.49920153852452	2.6091560474900984e-275	10	0.8073	0.0116510369703
229	galactose	linezolid	6.8575595873086295	0.0	5	0.3934	0.057367346939
230	galactose	lisinopril	2.02874739761237	9.706603868484878e-37	3	0.0639	0.03149726776
231	galactose	loperamide	63.65785977404791	3.439288566690249e-171	9	0.4417	0.012900000000000002
232	galactose	lorazepam	12.41184447206987	1.08949046057571e-26	9	0.1493	0.0432463617459
233	galactose	mannitol	8.89632783429512	1.2459494796368598e-140	4	0.1007	0.011319277108
234	galactose	meloxicam	529.4439189184089	0.0	5	0.4276	0.00080763983629
235	galactose	metformin	103.47592997497101	3.7680620206705786e-180	5	0.1145	0.0011065375303
236	galactose	methylprednisolone	20.1675675676289	7.643298191346317e-195	5	0.1456	0.007219512195100001
237	galactose	metoclopramide	119.10056338038241	3.210691355911397e-61	6	0.0683	0.00203827751196
238	galactose	metoprolol	35.53549259097976	4.9791995378363087e-88	13	0.31320000000000003	0.0418225075532
239	galactose	metronidazole	4.15302574786329	3.9897444152516237e-22	6	0.1047	0.051496666666
240	galactose	montelukast	567.008602152245	3.019628436235348e-289	5	0.2179	0.00038429752066
241	galactose	morphine	182.93910191223665	2.21385271162956e-21	12	0.2871	0.07371743119342
242	galactose	nitroglycerin	7.322310036579701	7.359326329058146e-226	5	0.1961	0.026781165919
243	galactose	nystatin	66.610041842342	8.166493746028418e-165	4	0.1014	0.0015222929936
244	galactose	ofloxacin	52.48572230059668	1.6904892114784574e-45	14	0.3399	0.1149226190477
245	galactose	omeprazole	5.944257380685411	6.401669271324886e-14	5	0.0653	0.033708295762400003
246	galactose	ondansetron	5.322934657219291	8.197124013424329e-05	5	0.059000000000000004	0.023525125628
247	galactose	oxaliplatin	105.082352941486	0.0	5	0.2464	0.0023448275862
248	galactose	paclitaxel	7.835216912194281	2.3599556503117384e-275	5	0.2377	0.030337386017999998
249	galactose	pantoprazole	203.26767506510785	2.3765609022983103e-27	11	0.14090000000000003	0.01289364161847
250	galactose	paroxetine	13.6847347014405	2.8127131619314085e-202	5	0.1425	0.010413062665
251	galactose	phenytoin	4.18249737397649	4.870423035498378e-270	5	0.2977	0.071177570093
252	galactose	prednisolone	26.507555574305897	0.0	5	0.8443	0.031851296044
253	galactose	prednisone	20.0710129088296	0.0	5	0.4009	0.019974079127
254	galactose	prochlorperazine	8.00417827309198	4.561536624333808e-112	4	0.0821	0.010257142857
255	galactose	promethazine	14.336096161580071	9.922391989571448e-59	8	0.2215	0.031671370967
256	galactose	propofol	3.35155596842343	4.569780707997679e-58	3	0.0603	0.017991643454
257	galactose	quetiapine	334.437763976668	0.0	5	0.2624	0.00078460038986
258	galactose	rabeprazole	100.795162119784	0.0	5	0.6026	0.0059784615385
259	galactose	ramipril	13.7723687245164	1.2723953298671995e-187	5	0.1353	0.0098240181269
260	galactose	ranitidine	1.63417153556162	4.6101836706018e-37	3	0.1125	0.068842222222
261	galactose	rifampicin	54.7687499999022	2.5124024217930293e-145	4	0.0889	0.0016231884058
262	galactose	risperidone	14.3636108104754	1.8952239762682292e-256	5	0.2007	0.013972809668
263	galactose	ritonavir	17.5297640786942	0.0	5	1.0	0.057045833333
264	galactose	rofecoxib	12.725806224997099	1.5619553340074495e-129	4	0.0832	0.0065378961874
265	galactose	salbutamol	35.61390016100679	1.0229370500535874e-52	11	0.2442	0.0199824561403
266	galactose	sertraline	4.05139071107553	5.604505815948276e-250	5	0.2833	0.069926605505
267	galactose	simvastatin	99.49728265349471	8.53212883330248e-65	10	0.17620000000000002	0.03667645181893
268	galactose	sodium bicarbonate	5.74887640442979	8.303995303445608e-139	4	0.1137	0.019777777778
269	galactose	spironolactone	4.560897640834759	3.695721989479439e-125	4	0.1106	0.024249612403
270	galactose	stavudine	2.4929019056081496	1.2927310832634897e-64	3	0.0886	0.035540909090999995
271	galactose	sulfate	21.59355770122422	3.96515183632077e-41	11	0.28390000000000004	0.08092227979279999
272	galactose	temazepam	8.64998889142666	2.5994609111511685e-275	5	0.2374	0.027445121951
273	galactose	thyroxine	40.408404901588284	6.028763878009249e-11	11	0.3105	0.0698175953078
274	galactose	tramadol	17.879514717592198	1.6543248771100793e-164	4	0.1099	0.0061466992665
275	galactose	ursodeoxycholic acid	13.594002068153902	3.3797859894987875e-239	5	0.1962	0.014432835821
276	galactose	valproic acid	7.7155849623429	1.06276427495479e-309	5	0.2889	0.037443693694
277	galactose	vancomycin	4.835913710653401	5.94329549246482e-24	6	0.1396	0.062198347108
278	galactose	warfarin	45.52843950304498	8.601054618984239e-107	8	0.1479	0.0100702054795
279	galactose	zidovudine	4.19434194355701	3.1978732190239193e-56	3	0.0465	0.011086363636000001
280	galactose	zolpidem	7.123030453471831	4.12791248347391e-18	6	0.2002	0.0693747412
281	leucovorin	5-aminosalicylic acid	15.0939055454675	1.4225368739880691e-285	5	0.2453	0.016251592357
282	leucovorin	5-fluorouracil	16.27342287226169	0.054259820159939666	13	0.03110416666673	0.021285996055307
283	leucovorin	BCNU	1.9140124619345802	4.1949349701507595e-22	3	0.0422	0.022047923323
284	leucovorin	EHDP	7.480292311940531	4.3988332413200684e-181	5	0.1417	0.018943109987000002
285	leucovorin	Ets	5.07498023703179	1.2486505282039798e-120	4	0.1011	0.019921259843
286	leucovorin	GGG	98.94044362531919	0.0	10	0.5644	0.026878099173800005
287	leucovorin	KCl	14.80433107259914	2.19858772026031e-14	12	0.2357	0.0630733844465
288	leucovorin	NaCl	46.90054230993998	9.849440528629299e-07	10	0.1511	0.031292576419
289	leucovorin	SU11248	3.21935452934748	9.465699216190146e-181	5	0.2138	0.06641082802500001
290	leucovorin	abacavir	2.13392708275624	1.8668786039215597e-120	4	0.2005	0.093958224543
291	leucovorin	acebutolol	164.884291187108	4.0802467634608585e-128	4	0.0794	0.00048154981549999995
292	leucovorin	acetaminophen	18.08831673160183	0.0027409031448277117	16	0.2504	0.1218688172048
293	leucovorin	actinomycin D	4.96174730242811	1.1285426537028796e-116	4	0.1011	0.020375886525
294	leucovorin	acyclovir	37.49046484246661	5.363579048025603e-16	17	0.2689	0.1071284829722
295	leucovorin	alendronate	47.542079570832485	8.985191739748518e-19	10	0.18259999999999998	0.01154097482585
296	leucovorin	allopurinol	22.87421020994939	6.145523246179473e-32	9	0.077	0.010812355212399998
297	leucovorin	alprazolam	34.66594973531766	9.534664931243317e-20	13	0.2918	0.07345331069609999
298	leucovorin	amikacin	132.613787791879	1.4298991393350793e-280	10	0.5004000000000001	0.0262919708027
299	leucovorin	amiodarone	37.60505018231058	1.19514069167731e-41	7	0.1363	0.0170707434056
300	leucovorin	amitriptyline	7.2689087422487795	1.1605544205634277e-72	8	0.1419	0.039958015267000005
301	leucovorin	amlodipine	16.49008064387471	3.812458404581864e-07	17	0.34900000000000003	0.1165775220044
302	leucovorin	amoxicillin	10.9985023822537	2.776183968048268e-185	5	0.1377	0.012519886364
303	leucovorin	amphotericin B	70.35979010991927	3.944975968725889e-138	9	0.2167	0.0183010033441
304	leucovorin	ampicillin	51.4864231824598	1.0030386916978195e-197	15	1.0068000000000001	0.058330232558
305	leucovorin	anastrozole	349.5251044502354	0.0	10	0.8363	0.21465283019358
306	leucovorin	aprepitant	18.81342128547865	1.237816549928511e-83	12	0.2433	0.0413379310347
307	leucovorin	aspirin	83.50487159523033	0.0031571261342169844	15	0.1245	0.054292953668236
308	leucovorin	atenolol	29.10897752418165	0.015241041399821176	17	0.2305	0.063972241029
309	leucovorin	atorvastatin	1255.296831873284	1.5374599128441582e-14	17	0.1467	0.010523734177157
310	leucovorin	atropine	57.72347460295868	0.0029264153136501925	13	0.13419999999999999	0.04551351351361
311	leucovorin	azithromycin	17.822086665694002	4.112290511816687e-49	10	0.1784	0.030061571125200002
312	leucovorin	baclofen	2.7613006670094298	5.527297796903629e-108	4	0.1407	0.050954248366
313	leucovorin	benazepril	456.55505822965904	2.8050174839668184e-192	10	0.3721	0.0035249722531
314	leucovorin	bortezomib	97.27762400484191	3.3387629357948694e-104	8	0.1669	0.0161269841267
315	leucovorin	bumetanide	21.293982074536398	0.0	5	0.3394	0.01593877551
316	leucovorin	bupropion	66.5764848496921	6.2364463527901884e-86	8	0.10289999999999999	0.0038537378115000003
317	leucovorin	buspirone	663.052991075883	0.0	10	0.6629	0.00301988071567
318	leucovorin	busulfan	26.1681961469087	0.0	5	0.3037	0.011605691057
319	leucovorin	calcitriol	1259.6153846153802	6.052259723216037e-273	5	0.1965	0.000156
320	leucovorin	calcium chloride	59.2163522107442	2.2286179176781393e-168	9	0.306	0.013031372549199999
321	leucovorin	candesartan	45.32208564921555	1.2695652365644196e-61	7	0.18330000000000002	0.044216163583299994
322	leucovorin	capecitabine	30.743325708482757	4.93831441396616e-09	16	0.2682	0.047962209303
323	leucovorin	captopril	173.65969022728052	7.501294901574637e-186	15	0.5614	0.052601619433550004
324	leucovorin	carbamazepine	5.78058885299667	1.6749184161439293e-215	5	0.1981	0.034269865067
325	leucovorin	carboplatin	10.369414709113698	1.6051238248791593e-156	4	0.1137	0.010964939024
326	leucovorin	carvedilol	221.95090295075434	1.3084295992448797e-80	13	0.29400000000000004	0.02030176564999
327	leucovorin	caspofungin	37.7902682952113	2.9198991220463693e-78	9	0.5033	0.049140271493
328	leucovorin	cefazolin	8.89512650106613	1.7186607e-316	5	0.2879	0.032366037736
329	leucovorin	cefepime	25.95317833860269	2.7276192064149737e-84	17	0.5108	0.14903135888479999
330	leucovorin	ceftazidime	6.030158530366731	6.319011958573367e-194	5	0.1647	0.027312714777
331	leucovorin	ceftriaxone	14.36276086167242	3.963993784862709e-89	13	0.506	0.149647668394
332	leucovorin	cefuroxime	22.721081283871197	0.0	5	0.4232	0.018625874126
333	leucovorin	celecoxib	381.0338962564184	2.2362222920995666e-16	15	0.1265	0.013578113207547001
334	leucovorin	cephalexin	84.60851841733997	3.160963096809069e-119	9	0.22870000000000001	0.030759103641799998
335	leucovorin	cetirizine	8.01365500602247	8.234509440995569e-99	4	0.0667	0.0083232931727
336	leucovorin	chlorhexidine	2.79077989602305	3.2840810173656287e-152	4	0.1988	0.071234567901
337	leucovorin	cimetidine	6.355728155117659	2.3868228834697295e-88	4	0.0668	0.010510204082
338	leucovorin	ciprofloxacin	37.53248302346208	4.3966175252288356e-07	16	0.21500000000000002	0.0400504854369
339	leucovorin	cisplatin	230.87569170561474	5.452136765064831e-07	7	0.027800000000000002	0.006426614481410999
340	leucovorin	citalopram	25.60472690326324	1.5682196583347552e-24	17	0.38880000000000003	0.1264147031099
341	leucovorin	clarithromycin	40.17249072029324	4.2709352899884206e-11	15	0.3335	0.06609741248150001
342	leucovorin	clindamycin	15.25822050719698	1.6399971375554073e-43	10	0.15560000000000002	0.042223048326999996
343	leucovorin	clonazepam	118.2454386295333	4.605621420630379e-55	11	0.1847	0.010781250000000001
344	leucovorin	clonidine	20.55565538606956	1.0560511530324901e-49	11	0.2754	0.06537416267999999
345	leucovorin	clopidogrel	22.38570131959895	0.0326787295275264	12	0.18760000000000002	0.0749345238095
346	leucovorin	clotrimazole	23.057788595426697	1.1088970655224495e-199	5	0.1321	0.0057290836653
347	leucovorin	cortisol	36.2517321035956	2.237618985692808e-06	10	0.1311	0.06851298701336
348	leucovorin	cyclobenzaprine	168.2128585162189	8.912043072299798e-69	15	0.22269999999999998	0.027233966746209995
349	leucovorin	cyclophosphamide	23.812345514113957	0.03708527766739515	16	0.1429	0.0678782161227
350	leucovorin	cyclosporine	113.73493178711723	1.1829382737821301e-30	22	0.6099	0.05620236336809999
351	leucovorin	cytosine arabinoside	38.33532485379863	1.7747687697539324e-17	15	0.2336	0.09866404199442999
352	leucovorin	dapsone	24.565094120304728	5.032178946534179e-61	7	0.108	0.0158974358976
353	leucovorin	dasatinib	135.194117647968	0.0	5	0.3423	0.0025319148935999997
354	leucovorin	delta 9-tetrahydrocannabinol	12.678785106897712	1.58080274770986e-24	7	0.1012	0.032574324323999995
355	leucovorin	dexamethasone	41.656752897284846	0.08702027360376749	17	0.039900000000000005	0.014364256480219998
356	leucovorin	diazepam	94.91951675078477	3.961080201647506e-33	25	0.5105	0.06343877551039001
357	leucovorin	diclofenac	41.73033283461159	5.57237030554703e-19	9	0.11599999999999999	0.0214792176039
358	leucovorin	didanosine	70.71830793149569	5.435433913734449e-176	10	0.42979999999999996	0.0221069767438
359	leucovorin	digoxin	6.603953895498839	2.0252342105926368e-63	6	0.1269	0.038517417162
360	leucovorin	diltiazem	10.259262744133009	1.9869834337405179e-22	9	0.0719	0.0211424148607
361	leucovorin	dipyridamole	2.2899303583592205	1.3474521161370198e-50	3	0.0746	0.032577409932
362	leucovorin	docetaxel	46.94663601627116	6.194213893023939e-117	12	0.29000000000000004	0.0339651972157
363	leucovorin	dolasetron	9.18276651466676	1.1054811595672593e-41	6	0.1392	0.0665806451618
364	leucovorin	donepezil	42.0117689796188	2.133687323385049e-281	5	0.2022	0.004812937062899999
365	leucovorin	doxazosin	4.863495606098231	7.05946782670378e-44	3	0.0328	0.0067441204138999995
366	leucovorin	doxorubicin	23.98440107226755	2.923950410019836e-05	14	0.0892	0.028378927910999996
367	leucovorin	doxycycline	8.57748266197342	2.289430210323286e-36	6	0.0776	0.0221007462683
368	leucovorin	duloxetine	131.3494789629565	2.5303677092936593e-269	10	0.4481	0.0239752358493
369	leucovorin	efavirenz	24.415366795543104	8.070882749677167e-234	5	0.1634	0.0066925064599
370	leucovorin	enalapril	22.076944407160262	0.00019770063442072877	10	0.097	0.023546558704800002
371	leucovorin	erlotinib	74.61168688113979	2.0692216507625487e-261	5	0.1928	0.002584045584
372	leucovorin	estradiol	37.089855072248795	0.0	5	0.2742	0.007392857142899999
373	leucovorin	etoposide	24.40579486556805	0.0009797734318025898	12	0.09640000000000001	0.048440453686220006
374	leucovorin	exemestane	134.883271924235	0.0	5	0.5001	0.0037076502732
375	leucovorin	ezetimibe	26.0135302353822	1.0276933526109098e-52	8	0.1686	0.0135449029129
376	leucovorin	famotidine	24.0375085526195	2.8943913990130647e-05	13	0.1046	0.0326121343441
377	leucovorin	felodipine	636.9677419304239	2.2665654003496588e-226	5	0.14400000000000002	0.00022607110301
378	leucovorin	fentanyl	94.10090061503428	6.17396739605727e-13	17	0.18240000000000003	0.023536402569589998
379	leucovorin	fexofenadine	230.4879058496093	1.1261798519751403e-35	18	0.39630000000000004	0.06864327485404
380	leucovorin	finasteride	20.849491525027897	2.56821035030383e-72	4	0.0402	0.0019281045752
381	leucovorin	flecainide	1.78000240746769	1.5708235133169897e-88	4	0.2035	0.11432568807
382	leucovorin	fluconazole	377.36399879271073	1.4636340968185997e-16	23	0.184	0.01816306483307
383	leucovorin	fludarabine	7.808527222479641	3.68612593915961e-40	8	0.2322	0.067361702127
384	leucovorin	fluoxetine	111.47258158268565	1.36714277579668e-32	16	0.24230000000000002	0.062343934040189994
385	leucovorin	fluticasone	14.019789128254809	1.87542697584432e-07	8	0.0645	0.0208607809851
386	leucovorin	fluvastatin	65.85991561198111	8.424403418041696e-207	5	0.1432	0.0021743119266
387	leucovorin	folate	25.58879160604765	0.0025380982900513765	16	0.1018	0.033635955056099995
388	leucovorin	furosemide	90.89450320131124	0.0044727378665543665	15	0.11080000000000001	0.044563052582955
389	leucovorin	gabapentin	78.9632457389547	7.0710578477745e-31	9	0.05789999999999999	0.0037785388128
390	leucovorin	galactose	21.014217533198604	0.0	5	0.4022	0.019139423077
391	leucovorin	ganciclovir	46.12894134210296	4.298139992682085e-143	12	0.3323	0.033520634920899996
392	leucovorin	gefitinib	199.8303039614541	2.3558060446671494e-119	9	0.3962	0.09978117048307
393	leucovorin	gemcitabine	115.04063822411068	1.17538595892948e-65	7	0.1518	0.00979080459771
394	leucovorin	gemfibrozil	3.6096180918299705	9.408728137330939e-78	4	0.0822	0.022772492244000003
395	leucovorin	gentamicin	32.2518018017931	7.084456096721856e-186	5	0.1265	0.0039222614840999995
396	leucovorin	glibenclamide	80.0568694226229	1.259029241522517e-63	10	0.1373	0.00627272727278
397	leucovorin	glimepiride	5.4841462015127505	7.803967456478128e-72	8	0.2901	0.11064365971100001
398	leucovorin	glipizide	12.24160703721253	1.850715386027592e-53	6	0.0816	0.0145088282504
399	leucovorin	granisetron	29.39499442438673	9.221511807726993e-08	12	0.13559999999999997	0.06414143920661
400	leucovorin	haloperidol	32.5681573725075	0.0	5	0.3607	0.01107523511
401	leucovorin	heparin	25.37843115007776	1.98567748868185e-05	11	0.21459999999999999	0.0890000000004
402	leucovorin	hydrochlorothiazide	67.62910927651143	0.027790558150090922	13	0.1402	0.06530620155025002
403	leucovorin	hydromorphone	11.95040717572247	5.336015436759121e-78	12	0.2766	0.077723646724
404	leucovorin	hydroxychloroquine	19.306418296162672	6.014822396444066e-25	9	0.1122	0.042026966292000006
405	leucovorin	ibandronate	19.9842964609887	7.017652041055229e-116	12	0.3338	0.055592864638
406	leucovorin	ibuprofen	23.61787987246148	0.00472338506093137	11	0.1276	0.046615
407	leucovorin	ifosfamide	30.34583636825689	1.0253715875293357e-18	18	0.20490000000000003	0.0636630036631
408	leucovorin	imatinib	3.0435208689809503	4.493645282291018e-168	4	0.2006	0.065910505837
409	leucovorin	indapamide	31.358677686365105	1.4378194657658097e-86	4	0.0459	0.0014637096774000001
410	leucovorin	indomethacin	604.499999998304	4.55e-322	5	0.24600000000000002	0.00040694789081999997
411	leucovorin	ipratropium bromide	71.9993594874978	7.276544657510897e-258	5	0.1858	0.0025805785124
412	leucovorin	irinotecan	12.427312398187098	0.009695833445328771	10	0.019799999999999998	0.009163043478330002
413	leucovorin	isosorbide dinitrate	2.19767273030276	1.7909116100352997e-87	4	0.1408	0.06406777408599999
414	leucovorin	itraconazole	3628.97499998216	2.9887415848097583e-257	5	0.1869	5.1502145923e-05
415	leucovorin	ketoprofen	3.57649587644822	8.169495414838898e-208	5	0.2246	0.062798898072
416	leucovorin	lactulose	9.9831078187513	4.13218461505139e-10	9	0.112	0.0374728915665
417	leucovorin	lamivudine	19.118194840898173	5.3644025305274405e-12	8	0.11270000000000001	0.0325156626511
418	leucovorin	lansoprazole	56.22058572583814	0.004016531238931017	15	0.1301	0.053463203463560004
419	leucovorin	leflunomide	133.30192671872584	2.804661434129221e-44	16	0.2405	0.05205617977541999
420	leucovorin	lenalidomide	34.0176051779099	7.715458424333497e-268	5	0.2006	0.005896946564899999
421	leucovorin	levetiracetam	182.83277577549862	1.2427051423008362e-132	8	0.1625	0.00245205479454
422	leucovorin	lidocaine	22.8303490991852	5.703782165021157e-208	5	0.1403	0.0061453287196999995
423	leucovorin	linezolid	154.56366213552658	2.4462857795135684e-263	10	0.6033	0.025883495145700004
424	leucovorin	lisinopril	15.823530645811061	0.008934927621749841	13	0.10929999999999998	0.0711274752476
425	leucovorin	lithium	5.636613594203	1.5910305603529894e-207	5	0.1715	0.030426070039
426	leucovorin	loperamide	41.97354165473184	6.534415904781997e-05	16	0.1081	0.020185314685340003
427	leucovorin	loratadine	41.20278622009997	8.225018206780528e-115	12	0.33130000000000004	0.05374334600740001
428	leucovorin	lorazepam	39.81353747031757	0.04251793142063655	19	0.07769999999999999	0.024678150498780003
429	leucovorin	losartan	17.35109247254413	2.9717494140395696e-13	11	0.1243	0.0535150925016
430	leucovorin	lovastatin	5.47828322769771	5.8942201238446494e-120	4	0.0985	0.017980085349000002
431	leucovorin	mannitol	73.64117996713215	1.0978498968427798e-52	12	0.3584	0.032180064308700004
432	leucovorin	medroxyprogesterone	20.0193103448483	1.3986562979926694e-194	5	0.1416	0.0070731707317
433	leucovorin	megestrol	106.5945248764468	0.00645581217022299	15	0.2315	0.05288888888875
434	leucovorin	meloxicam	20.770419221361827	4.352953622310673e-57	9	0.1287	0.019621348314700002
435	leucovorin	mercaptopurine	69.08771046420756	6.60567808878234e-63	12	0.2509	0.0177888563051
436	leucovorin	mesna	71.6943349068232	2.41610457167744e-21	24	0.4125	0.12798076923094
437	leucovorin	metformin	49.47615488604251	3.5045733780480396e-23	10	0.1002	0.026087487283509996
438	leucovorin	methocarbamol	85.4122211465578	2.3581689419616186e-247	5	0.17	0.0019903474903
439	leucovorin	methotrexate	190.36089384663234	0.03364078255345034	20	0.047000000000000014	0.015975838926264002
440	leucovorin	methylphenidate	222.79982149891472	3.3257583914527783e-270	10	0.5415	0.008903314917099999
441	leucovorin	methylprednisolone	1.59750862719573	1.7737057998169898e-18	2	0.052000000000000005	0.032550684932
442	leucovorin	metoclopramide	10.359145058709391	7.22169969968169e-05	9	0.0644	0.030693950178299997
443	leucovorin	metolazone	11.187770378695099	0.0	5	0.6057	0.054139473684
444	leucovorin	metoprolol	12.03422818634321	2.1918052857504373e-05	9	0.0932	0.0336960054166
445	leucovorin	metronidazole	56.56664838868042	2.68414834278123e-47	19	0.4554	0.0862456521735
446	leucovorin	mirtazapine	15.36802841418954	2.7731423320674192e-62	11	0.2603	0.0632567726733
447	leucovorin	mitomycin C	1.2462089300821202	0.000401665552409056	2	0.0305	0.024474226804
448	leucovorin	mitoxantrone	215.2760340580632	2.2445e-320	15	2.0040999999999998	0.08891764705880001
449	leucovorin	montelukast	1.75750602673294	1.5522416919996002e-46	3	0.1119	0.063669767442
450	leucovorin	morphine	38.85333633696233	7.83481439075873e-15	29	0.4793	0.1410826210822
451	leucovorin	nabumetone	65.6811793618313	7.554939976316266e-238	5	0.1634	0.0024877750611
452	leucovorin	naproxen	30.23683728162001	3.51893971476718e-15	8	0.1319	0.046261904761499995
453	leucovorin	nicotine	12.542624653935	7.407341625549396e-246	5	0.2018	0.01608913649
454	leucovorin	nifedipine	26.382548946722387	6.584970335347638e-118	12	0.29660000000000003	0.043099304865800006
455	leucovorin	nitrofurantoin	17.8029708851405	0.0	5	0.3354	0.018839552239
456	leucovorin	nitroglycerin	16.485274158143252	1.136368646201877e-170	9	0.2625	0.033427559055
457	leucovorin	norfloxacin	4.12962766722572	4.076747624350288e-170	4	0.1668	0.040391050584
458	leucovorin	nystatin	51.9836687830126	1.8677844133720932e-17	15	0.2208	0.042022012578899995
459	leucovorin	octreotide	10.518748713897692	5.38564240757013e-36	7	0.1641	0.044422594142000005
460	leucovorin	ofloxacin	17.84547060907099	5.534572543747225e-16	9	0.2094	0.05725604838719999
461	leucovorin	olanzapine	13.0641503803487	3.7602127032963485e-185	5	0.1307	0.010004477611999999
462	leucovorin	olmesartan medoxomil	16.44989902191519	8.93584375321798e-12	8	0.1215	0.046468354429800005
463	leucovorin	omeprazole	46.37284688681997	0.004847804772384005	19	0.10319999999999999	0.03228486897682
464	leucovorin	ondansetron	21.944680555111002	0.000570491762158002	14	0.060300000000000006	0.03048766603386
465	leucovorin	oxaliplatin	22.04026168232788	0.08153284270967782	12	0.030458333333370002	0.021789915966672
466	leucovorin	oxazepam	42.7296587926509	1.4210975056426291e-226	5	0.1628	0.00381
467	leucovorin	oxybutynin	4.5539970705416	1.59802301090541e-39	7	0.18159999999999998	0.08377886977900001
468	leucovorin	oxycodone	19.420860451942822	6.444689584076485e-09	10	0.1119	0.0355115712549
469	leucovorin	paclitaxel	23.237967996211864	3.8015562570448896e-34	11	0.24480000000000002	0.028033036849100003
470	leucovorin	palonosetron	53.64081032430156	0.0001248828765576829	16	0.301	0.07822051282053001
471	leucovorin	pamidronate	47.62968090062873	1.1655246039953198e-120	13	0.40950000000000003	0.057688588007399996
472	leucovorin	pantoprazole	23.646303332109667	0.0006800580446143991	17	0.3115	0.1339891838744
473	leucovorin	paroxetine	19.312294096251623	7.599886302698098e-24	10	0.11209999999999999	0.0226249027238
474	leucovorin	pemetrexed	7.040999909604991	1.4098442890957897e-175	5	0.1429	0.020295412844
475	leucovorin	perindopril	25.350623145226397	3.1042131483240885e-238	5	0.171	0.0067453963171
476	leucovorin	phenytoin	17.941665653087853	3.887081198991559e-90	9	0.36469999999999997	0.047943850268
477	leucovorin	pioglitazone	3.3747823661619796	0.0382436058999169	7	0.3455	0.171613157897
478	leucovorin	piroxicam	14.33766568130126	1.0535498856593337e-192	10	0.3341	0.049108179419999995
479	leucovorin	posaconazole	58.579017264743	1.1813764091822494e-273	5	0.2005	0.0034227272726999997
480	leucovorin	pravastatin	92.53791892268659	2.8562722822812414e-46	14	0.30310000000000004	0.0526909722222
481	leucovorin	prednisolone	46.328169646815205	4.58259467703005e-25	16	0.15680000000000002	0.0300325842693
482	leucovorin	prednisone	69.38677725944031	1.3962490082497091e-09	12	0.056	0.01202921348314
483	leucovorin	pregabalin	43.7179473688996	3.636086974260479e-176	5	0.1109	0.0025367156208000005
484	leucovorin	prochlorperazine	79.19076450184221	0.0061111372079680395	14	0.1241	0.04089795918432
485	leucovorin	promethazine	130.9747248311254	5.702597936937374e-22	15	0.1093	0.02162149532699
486	leucovorin	propofol	145.0282298633014	0.0	10	1.4918	0.020733590734000003
487	leucovorin	propranolol	12.6226099978836	1.0290356663064698e-109	8	0.1887	0.030849834983
488	leucovorin	pyrimethamine	2.3007460035246097	1.4602449693591104e-45	3	0.0689	0.029946808511
489	leucovorin	quetiapine	3.31757524262222	1.9630022841885798e-121	4	0.1251	0.037708263069
490	leucovorin	quinapril	112.35870479420099	3.069913264857419e-173	5	0.1105	0.0009834574028099998
491	leucovorin	rabeprazole	4.85815614385146	8.752288008666963e-38	6	0.1496	0.077690210657
492	leucovorin	raloxifene	4.90547660862267	2.362179927710709e-164	4	0.1463	0.029823809524
493	leucovorin	ramipril	92.53213938419782	0.0081216043280875	5	0.0556	0.01576777251225
494	leucovorin	ranitidine	161.70525610049557	0.00012058489093589102	16	0.0735	0.019259762308848
495	leucovorin	risedronate	19.530867210179633	3.458936323127191e-11	12	0.1359	0.0323053977268
496	leucovorin	risperidone	35.5020308694254	5.2099165108297575e-219	5	0.1595	0.0044927007298999995
497	leucovorin	ritonavir	62.34794303973182	3.6911097076254695e-55	11	0.1945	0.05389552238800001
498	leucovorin	rofecoxib	9.938738426678729	3.3071660057131395e-21	10	0.1633	0.0555798283253
499	leucovorin	ropinirole	10.599376537414889	0.00158228852694868	7	0.2444	0.057315457412999996
500	leucovorin	rosiglitazone	9.61744205419986	9.725765529660837e-158	9	0.3986	0.09616376811600001
501	leucovorin	rosuvastatin	6.6865714810367605	4.1240197463515795e-07	8	0.1788	0.094555736372
502	leucovorin	salbutamol	87.6102250086217	1.002226369194705e-27	21	0.20450000000000002	0.0186859045504
503	leucovorin	salmeterol	696.2245126412041	9.61825356386516e-71	8	0.5406	0.03813771186468
504	leucovorin	scopolamine	8.295228426530679	1.0903886642635896e-155	4	0.1238	0.014924242424
505	leucovorin	sertraline	40.19287536327916	2.107967940090574e-11	17	0.2678	0.067457820739
506	leucovorin	simvastatin	29.21680149250305	1.4377270055333923e-09	12	0.09410000000000002	0.017401744186
507	leucovorin	sodium bicarbonate	351.3876612083086	5.77019852018618e-48	11	0.2128	0.017344398340067
508	leucovorin	sotalol	175.798011694385	0.0	5	0.5027	0.0028595317726
509	leucovorin	spironolactone	11.371686216241041	1.8839173266847293e-41	6	0.07050000000000001	0.013425373134299999
510	leucovorin	stavudine	13.97259383660218	1.5160962096033197e-63	7	0.14450000000000002	0.0307728459526
511	leucovorin	sucralfate	33.8867520695374	2.8808246664988797e-21	11	0.17830000000000001	0.0276062322948
512	leucovorin	sulfadiazine	43.16003968163509	6.013661927676219e-63	7	0.1372	0.0422783783783
513	leucovorin	sulfasalazine	22.59023921647509	5.21248186796557e-39	10	0.1738	0.029292134831200002
514	leucovorin	sulfate	15.04240464567093	1.572456578696533e-06	14	0.311	0.1308195718647
515	leucovorin	tacrolimus	89.45230495511484	1.2790169479002997e-89	19	0.5011	0.03791826087
516	leucovorin	tamsulosin	5.34991571875344	1.0683566557465301e-31	7	0.19929999999999998	0.079541488452
517	leucovorin	telmisartan	22.171941498737397	0.0	5	0.3277	0.014779941577000001
518	leucovorin	temazepam	81.61249995547348	1.0154012143160682e-22	13	0.2122	0.040108606557299996
519	leucovorin	tenofovir disoproxil fumarate	42.899098235300265	1.0574806729320698e-58	7	0.1712	0.0393159268926
520	leucovorin	terazosin	216.109554139357	4.628371660160308e-192	5	0.1252	0.00057933579336
521	leucovorin	testosterone	22.4952731732291	1.492982159969769e-308	5	0.2476	0.011006756757
522	leucovorin	tetracycline	3.1018297534633197	8.716374454729766e-264	5	0.3342	0.10774285714000001
523	leucovorin	thalidomide	28.2966219340946	1.6415618396978292e-167	4	0.109	0.0038520499109
524	leucovorin	theophylline	13.7602380192572	3.364717281700838e-281	5	0.2416	0.017557835821
525	leucovorin	thyroxine	44.83429080932801	9.96618330448708e-05	15	0.1428	0.0505614224138
526	leucovorin	tiotropium	3.33610605662851	3.507753231867079e-83	4	0.0828	0.024819354839
527	leucovorin	tobramycin	43.865655471669506	9.891923214302645e-213	5	0.1446	0.0032964285714000004
528	leucovorin	tolterodine	1.9846061407083702	3.24301665120738e-37	3	0.0691	0.034817991632
529	leucovorin	tramadol	3.5104832523857703	1.5388709376296598e-157	4	0.1695	0.048283950617000006
530	leucovorin	triamcinolone	37.218945345288226	7.288276328633559e-07	10	0.2442	0.04955679702070001
531	leucovorin	triazolam	9.79092483546663	2.6156493512013494e-112	4	0.0794	0.0081095505618
532	leucovorin	ursodeoxycholic acid	19.38640462834802	7.279270591881829e-32	12	0.5661	0.162943793911
533	leucovorin	valacyclovir	10.6822655525429	1.1918055297903698e-95	4	0.0584	0.005467005076100001
534	leucovorin	valdecoxib	217.7874049419444	1.1387459889028621e-225	10	0.3359	0.0036864161849999998
535	leucovorin	valproic acid	85.1591551506123	1.6902148449827207e-87	13	0.2879	0.0252334437082
536	leucovorin	valsartan	104.681184570884	1.7583153769997678e-08	11	0.1378	0.039560856864180004
537	leucovorin	vancomycin	44.014007111574216	1.61244277787728e-19	16	0.39149999999999996	0.10829528535989999
538	leucovorin	venlafaxine	16.19457141768646	8.200225467481268e-56	7	0.1382	0.022567181926399997
539	leucovorin	verapamil	10.6528894422655	4.61787280044153e-16	10	0.2815	0.09859242761699999
540	leucovorin	vincristine	39.26639287599838	0.0016110802656139017	15	0.0649	0.015327332242110001
541	leucovorin	vinorelbine	153.80559802795202	0.0	10	0.7848999999999999	0.0154141876432
542	leucovorin	vitamin B12	4.2194029850746295	3.624273029532538e-255	5	0.2827	0.067
543	leucovorin	voriconazole	41.47068288360956	2.3246209534958497e-86	8	0.17270000000000002	0.0237106382983
544	leucovorin	warfarin	49.475264053000245	0.015565002805276581	17	0.0768	0.0210527903468
545	leucovorin	zoledronic acid	37.61626805216785	2.5043803296541495e-51	17	0.6003000000000001	0.0641492718443
546	leucovorin	zolpidem	147.0040655824617	0.0021363334983712633	17	0.18460000000000001	0.08292692067419997
547	leucovorin	zopiclone	14.4177761520929	7.592568951198165e-196	5	0.1436	0.0099599271403
548	prostacyclin	KCl	3.5855113035202897	2.953558696851788e-12	4	0.06559999999999999	0.039709286676
549	prostacyclin	acetaminophen	27.914296368383702	8.77049429961528e-15	6	0.07769999999999999	0.026105134474700004
550	prostacyclin	alendronate	2.6971569442348997	9.289276703121647e-141	4	0.1643	0.060915995396999996
551	prostacyclin	allopurinol	124.348940865443	2.0697276237214e-311	5	0.2427	0.0019517657192000002
552	prostacyclin	alprazolam	1.54480790340547	1.87705406040938e-31	3	0.1057	0.06842274678100001
553	prostacyclin	ambrisentan	2.4704790823628597	5.6398254503343395e-40	3	0.0505	0.020441379309999997
554	prostacyclin	amiodarone	2.83297268931884	8.827631159181597e-140	4	0.1629	0.057501436782
555	prostacyclin	amitriptyline	83.80732498691	3.71344377196343e-309	10	0.5757	0.0141764705883
556	prostacyclin	amlodipine	9.654191263267359	1.9877156240620598e-125	4	0.0843	0.0087319587629
557	prostacyclin	amoxicillin	21.7766101693945	1.4862158055159492e-252	5	0.1981	0.009096916299600001
558	prostacyclin	aspirin	11.68891038501706	1.8728850423213723e-82	8	0.137	0.023817297851
559	prostacyclin	atenolol	31.726767413860102	1.3578785069382495e-191	5	0.1345	0.0042393225331
560	prostacyclin	azathioprine	156.055045872347	5.0400265656660887e-175	5	0.10800000000000001	0.00069206349206
561	prostacyclin	bosentan	46.049277661825286	0.001934683759038701	15	0.0443	0.01025595238088
562	prostacyclin	budesonide	2863.64920632784	0.0	5	0.4411	0.00015403422983000003
563	prostacyclin	bumetanide	4.32032483648506	5.602939814313019e-128	4	0.11199999999999999	0.025923976608000002
564	prostacyclin	captopril	91.7610710583996	1.558265204742179e-234	5	0.162	0.0017654545455
565	prostacyclin	cefazolin	11.5790031151927	0.0	5	0.4011	0.03464028777
566	prostacyclin	ceftriaxone	12.971316306336801	4.081010551695008e-251	5	0.2016	0.015541984733
567	prostacyclin	cetirizine	67.202643101105	9.687700391757254e-203	15	0.5649	0.025607526881800003
568	prostacyclin	ciprofloxacin	4.64239773184216	1.3939466978347496e-157	4	0.1462	0.031492346939
569	prostacyclin	citalopram	60.38024459621069	4.59484770276358e-56	8	0.1722	0.016627783668979997
570	prostacyclin	clopidogrel	99.1729257624166	1.1993660084278392e-278	5	0.2046	0.0020630630631
571	prostacyclin	dexamethasone	127.12888464874099	1.843758339109899e-290	5	0.2074	0.0016314152411
572	prostacyclin	diazepam	6.1510487743372	5.758025866717157e-270	5	0.2552	0.041488859764
573	prostacyclin	digoxin	19.455442685017587	4.318161363675905e-27	17	0.301	0.1010720631783
574	prostacyclin	diltiazem	11.150590941324598	2.0174738138097095e-165	4	0.1215	0.010896283492000001
575	prostacyclin	enalapril	3.0759172177781804	4.794218074869639e-96	4	0.1112	0.036151818182
576	prostacyclin	famotidine	8.38847572983557	1.0276066356814298e-54	7	0.2139	0.050373266078
577	prostacyclin	fentanyl	31.936661782771395	0.0	5	0.34600000000000003	0.010833943834
578	prostacyclin	fexofenadine	6.95324175813479	4.660077351870129e-131	4	0.0981	0.014108527132
579	prostacyclin	fluconazole	5.88047945203242	1.9466199031100493e-226	5	0.2007	0.034129870130000003
580	prostacyclin	fluoxetine	5.22661437426064	3.092456700671139e-174	5	0.1583	0.030287292818
581	prostacyclin	fluticasone	39.82254877767824	1.3390463893352895e-178	10	0.26880000000000004	0.0212272727274
582	prostacyclin	folate	10.1070898291511	9.428395423435558e-58	3	0.0355	0.0035123859191999998
583	prostacyclin	furosemide	135.35263199035052	0.004867873856787113	12	0.0402	0.006305764411024
584	prostacyclin	gabapentin	7.99001290318065	9.711466347685449e-61	3	0.0409	0.0051188903566999995
585	prostacyclin	gemfibrozil	8.47860330215214	1.7070835948785994e-218	5	0.1801	0.021241706161
586	prostacyclin	glibenclamide	15.473702850523301	3.6542782996412085e-262	5	0.2056	0.013287058824
587	prostacyclin	haloperidol	21.4698890190835	0.0	5	0.2866	0.013348927875000001
588	prostacyclin	heparin	264.6879422438509	2.7595896925584e-16	8	0.088	0.030925547445102997
589	prostacyclin	hydrochlorothiazide	5.29062386367038	3.704212848666299e-136	4	0.1118	0.021131723380999997
590	prostacyclin	hydroxychloroquine	36.336479514493	1.488443536450169e-219	5	0.1561	0.004295958279
591	prostacyclin	ibuprofen	15.161921736436142	0.0	10	0.6905	0.097697058823
592	prostacyclin	isosorbide-5-mononitrate	7.75464047713876	2.3639358382806285e-260	5	0.2342	0.030201271186000002
593	prostacyclin	lactulose	704.6322975539028	5.4982863573031614e-164	19	0.6708000000000001	0.01096698113211
594	prostacyclin	lansoprazole	7.31627458718979	1.8522740843300584e-17	8	0.2046	0.1104806324102
595	prostacyclin	lisinopril	14.63902700211746	3.931271391935109e-118	9	0.2509	0.036297730307
596	prostacyclin	loperamide	39.85350061279371	1.6721507840434098e-06	8	0.0935	0.026678571429
597	prostacyclin	loratadine	40.2734661420413	2.4776347363460492e-136	9	0.2551	0.013135
598	prostacyclin	lorazepam	5.245906536625349	1.2505883183340598e-96	4	0.0739	0.014087174349
599	prostacyclin	metformin	3.23983877142167	2.6461489230080096e-145	4	0.1673	0.051638372093000005
600	prostacyclin	metoclopramide	3.91081683501366	1.5193584686688197e-73	4	0.0657	0.016799559471
601	prostacyclin	metolazone	17.0043287934031	1.04223453094704e-23	6	0.07519999999999999	0.021207729469
602	prostacyclin	metoprolol	94.91253126597417	6.936221890956939e-52	12	0.34209999999999996	0.0166281296027
603	prostacyclin	metronidazole	8.27104460262497	0.0	5	0.5083	0.061455357143
604	prostacyclin	mexiletine	9.02815415818571	0.0	5	0.3974	0.044017857143
605	prostacyclin	montelukast	5.0	1.0366411547388898e-100	4	0.0825	0.0165
606	prostacyclin	morphine	53.501533597161796	2.187083970717889e-298	10	0.5456	0.020390034363999998
607	prostacyclin	nadolol	624.857124080427	8.816240539915004e-271	10	0.8030999999999999	0.00559016393445
608	prostacyclin	nifedipine	11.4237395431952	2.2562599234285893e-91	4	0.0569	0.0049808558558999995
609	prostacyclin	nitric oxide	82.79555555408359	1.3765173693584193e-210	5	0.1433	0.0017307692308
610	prostacyclin	ofloxacin	52.7416204207761	5.332761878474907e-196	5	0.1274	0.0024155495979000003
611	prostacyclin	omeprazole	65.13395889400402	4.94111678807876e-25	11	0.2798	0.037765624999829994
612	prostacyclin	ondansetron	15.88517598451808	5.31521769822199e-28	8	0.3308	0.079855504587
613	prostacyclin	oxybutynin	85.4541071418958	1.1715338892904895e-241	5	0.1703	0.0019928825623
614	prostacyclin	oxycodone	8.49433282504184	6.945609733681349e-34	7	0.17709999999999998	0.037229226361
615	prostacyclin	pantoprazole	39.277768367469534	8.52999239516309e-33	11	0.2044	0.0563416009017
616	prostacyclin	paroxetine	14.4697364373051	3.988783832825468e-166	4	0.1208	0.0083484589041
617	prostacyclin	prednisolone	1390.49677415004	3.2186845381675784e-252	5	0.1686	0.00012125162973
618	prostacyclin	prednisone	22.318783930117696	7.730632612565348e-96	4	0.0536	0.0024015645372
619	prostacyclin	prochlorperazine	3.59861293060496	1.1370682921688796e-162	4	0.1656	0.046017730496
620	prostacyclin	promethazine	28.4024943310674	7.599715558402587e-142	4	0.094	0.0033095684803
621	prostacyclin	propofol	4.8695214104812194	1.1792184888143696e-125	4	0.1074	0.022055555556
622	prostacyclin	rabeprazole	5.11396026493317	1.575027809680009e-283	5	0.2839	0.055514705882
623	prostacyclin	raloxifene	91.5859030830549	8.295231537680785e-307	5	0.2475	0.0027023809524
624	prostacyclin	ranitidine	22.4916279067591	6.698628683789717e-154	4	0.0995	0.0044238683128
625	prostacyclin	salbutamol	24.60572290386945	3.9172319736128795e-56	8	0.1892	0.0197063389392
626	prostacyclin	sertraline	286.251822066808	2.35917000528703e-11	13	0.24669999999999997	0.024766272189569997
627	prostacyclin	sildenafil	57.65618513707861	6.219223318559331e-09	18	0.19279999999999997	0.04631502890181001
628	prostacyclin	simvastatin	3.67330032938206	1.1004940959561997e-111	4	0.1164	0.031688125
629	prostacyclin	spironolactone	59.37092312519811	1.2879503620276785e-13	18	0.274	0.07818425196853
630	prostacyclin	temazepam	3.48190476190476	6.227531887852369e-87	4	0.0914	0.02625
631	prostacyclin	thyroxine	201.83730092071616	1.3290272247748997e-71	12	0.2468	0.02222621809715
632	prostacyclin	tiotropium	858.118918909642	1.0250186942320194e-274	5	0.1936	0.00022560975609999998
633	prostacyclin	tobramycin	376.25000000125397	0.0	5	0.3225	0.00085714285714
634	prostacyclin	torasemide	4.83686690219995	6.555290094785346e-278	5	0.2865	0.059232558139999995
635	prostacyclin	tramadol	7.68010323218153	8.081188511057706e-301	5	0.2815	0.036653153153
636	prostacyclin	triazolam	7.48382243890409	5.4e-323	5	0.3058	0.040861471861000004
637	prostacyclin	vancomycin	6.6819687212573005	2.2582924520105092e-104	4	0.0781	0.011688172043000001
638	prostacyclin	vitamin K1	55.04035106568776	1.7091939269407293e-271	20	1.5831	0.172898089173
639	prostacyclin	warfarin	46.50518213282473	0.00018556121809621293	14	0.2003	0.08505785837607
640	prostacyclin	zolpidem	20.241208265156743	2.67661059509851e-59	7	0.1268	0.0139070080862
641	prostaglandin E1	KCl	2.73790706909521	7.34592208092233e-46	3	0.0519	0.01895608532
642	prostaglandin E1	NaCl	20.48981825212449	3.4779855968114093e-85	8	0.1533	0.015619469026899998
643	prostaglandin E1	acyclovir	173.3090232422702	8.24670773237982e-68	8	0.2298	0.0034231499050999996
644	prostaglandin E1	alendronate	8.84062804569359	1.1129360523338099e-176	5	0.1398	0.015813356163999998
645	prostaglandin E1	allopurinol	43.89763500219621	1.1929880808379512e-65	11	0.1921	0.016999152542400003
646	prostaglandin E1	amitriptyline	18.323323654400102	9.827402501518234e-268	5	0.2075	0.011324364723
647	prostaglandin E1	amlodipine	60.582627015589615	1.573838836098748e-64	10	0.1465	0.02327740985986
648	prostaglandin E1	amphotericin B	17.1621374050256	7.686685310833266e-243	5	0.1884	0.010977653631
649	prostaglandin E1	aspirin	121.57476074611137	8.652439683848314e-18	11	0.1071	0.013608695652189999
650	prostaglandin E1	atenolol	1.9914027149366298	3.3723857306154494e-52	3	0.0978	0.04911111111100001
651	prostaglandin E1	atorvastatin	14.80517596412384	2.3813040505823499e-07	9	0.138	0.0537377602694
652	prostaglandin E1	atropine	3.56969696969697	9.312673275498517e-158	4	0.1767	0.0495
653	prostaglandin E1	bisoprolol	11.6098245611462	1.9376066153474092e-213	5	0.1672	0.014401595745
654	prostaglandin E1	carbamazepine	176.346919423813	1.4961758758808693e-276	5	0.2037	0.0011551094891
655	prostaglandin E1	carvedilol	118.36142079278	0.0	5	0.40399999999999997	0.0034132743363000004
656	prostaglandin E1	cefazolin	30.51996041318903	1.2390357381106596e-68	7	0.112	0.017683453237099998
657	prostaglandin E1	citalopram	27.1806609548366	7.583020429320457e-115	4	0.0702	0.0025827186511999996
658	prostaglandin E1	clonazepam	123.88273248728319	1.25202504960419e-87	9	0.20950000000000002	0.0164765395892
659	prostaglandin E1	clopidogrel	36.45475666761292	7.897750932087469e-81	8	0.13369999999999999	0.0176013071891
660	prostaglandin E1	dexamethasone	189.562796832868	1.629288441710269e-181	5	0.1107	0.0005839753466900001
661	prostaglandin E1	diazepam	9.09926978618996	1.1792051365894294e-182	5	0.1507	0.016561768531
662	prostaglandin E1	diclofenac	4.54751392620462	2.610979547224029e-106	4	0.0946	0.020802575107
663	prostaglandin E1	digoxin	252.921190476052	7.352798454920766e-274	5	0.1993	0.00078799249531
664	prostaglandin E1	diltiazem	19.700883752442103	3.995205215442128e-230	5	0.1725	0.008755952381
665	prostaglandin E1	enalapril	503.54837962092233	9.275816844319629e-77	8	0.09079999999999999	0.0029034852547069998
666	prostaglandin E1	etodolac	4.8936760648638895	5.209011117883568e-211	5	0.1991	0.04068516129
667	prostaglandin E1	famotidine	23.45602597414483	6.75105482265143e-06	12	0.3802	0.057418918917999995
668	prostaglandin E1	felodipine	11.8520884521278	9.906631738432306e-148	4	0.1084	0.009146067415700001
669	prostaglandin E1	fentanyl	1.17410772226589	0.00278996246886198	2	0.0333	0.028361963189999995
670	prostaglandin E1	fexofenadine	53.381684382761605	1.0563983106423695e-237	5	0.1657	0.0031040609137
671	prostaglandin E1	fluconazole	42.9414893603317	1.7275163582681096e-106	4	0.0621	0.0014461538462
672	prostaglandin E1	fluoxetine	619.303278693093	3.0339307260960388e-176	5	0.1035	0.00016712328767
673	prostaglandin E1	fluticasone	7.994646153939629	8.517706148509966e-242	5	0.1939	0.024253731343
674	prostaglandin E1	folate	46.71332263185389	4.2855804920861985e-168	4	0.1128	0.0024147286821999997
675	prostaglandin E1	foscarnet	9.61117812615606	0.0	5	0.2915	0.030329268293
676	prostaglandin E1	furosemide	60.3451074349376	1.8185616193822504e-08	14	0.1114	0.03403384011806
677	prostaglandin E1	gabapentin	19.389676613296288	4.652949895927449e-109	9	0.21910000000000002	0.023089121887299998
678	prostaglandin E1	gemfibrozil	10.5664750375337	7.820338004473809e-170	4	0.1234	0.01167844523
679	prostaglandin E1	glipizide	8.037748957897211	1.1947048768729398e-96	4	0.069	0.0085844930417
680	prostaglandin E1	heparin	34.112025514606316	1.6102655506841543e-42	10	0.0997	0.0094848046309
681	prostaglandin E1	hydrochlorothiazide	13.89281119738063	7.3155837705622685e-115	8	0.2248	0.0495120350112
682	prostaglandin E1	ibuprofen	7.2103112995524095	5.991613827291906e-276	5	0.2623	0.03637845706
683	prostaglandin E1	isosorbide dinitrate	1.61265811068958	7.430799640346139e-38	3	0.1129	0.070008639309
684	prostaglandin E1	isosorbide-5-mononitrate	142.89558723474687	7.953047013421179e-104	14	0.4955	0.0163090717299
685	prostaglandin E1	itraconazole	32.8772848270851	0.0	5	0.3279	0.009973451327399999
686	prostaglandin E1	ketamine	17.833358490727502	4.922440329383597e-260	5	0.2037	0.011422413792999998
687	prostaglandin E1	lamivudine	15.6810772501505	1.5576256964949493e-203	5	0.1495	0.0095337837838
688	prostaglandin E1	lansoprazole	7.4089127062538305	9.106003662840969e-60	3	0.0414	0.0055878644602
689	prostaglandin E1	leuprolide acetate	11.4345958945132	0.0	5	0.8645	0.07560389610399999
690	prostaglandin E1	lidocaine	3.0237307715931805	1.5643593083936592e-232	5	0.3051	0.10090184049
691	prostaglandin E1	lisinopril	6.01906708338902	1.4625557682473697e-54	3	0.0334	0.0055490326885
692	prostaglandin E1	loratadine	71.4149649942032	0.0	5	0.6015	0.0084226044226
693	prostaglandin E1	losartan	13.9069767442063	3.208088113563999e-116	4	0.0736	0.0052923076923
694	prostaglandin E1	metformin	2.4909974133872597	2.01277348156185e-67	3	0.0914	0.03669212963
695	prostaglandin E1	methotrexate	8.57979820638864	2.3566692452298692e-158	4	0.1114	0.012983988355
696	prostaglandin E1	methylprednisolone	8.696196998384531	2.316032375701819e-267	5	0.2436	0.028012244898
697	prostaglandin E1	metoprolol	15.072963411209159	5.0630407507311785e-55	7	0.09770000000000001	0.0169484915376
698	prostaglandin E1	midazolam	7.40463404074875	3.8512212200352887e-174	5	0.1413	0.019082644628000002
699	prostaglandin E1	morphine	3.9221954935748	3.480850964890468e-227	5	0.2517	0.064173241852
700	prostaglandin E1	nifedipine	3.84317537204085	8.458340122071198e-138	4	0.1355	0.035257303371
701	prostaglandin E1	nitrazepam	23.1713665942344	0.0	5	0.6104	0.026342857143
702	prostaglandin E1	nitroglycerin	110.537367866423	4.340647939847138e-255	5	0.1817	0.0016437880104000003
703	prostaglandin E1	ofloxacin	6.4691150752463695	9.652679251273587e-125	4	0.0976	0.015087071240000001
704	prostaglandin E1	omeprazole	56.353291068887	7.490132384389191e-45	11	0.1987	0.0293254988912
705	prostaglandin E1	pancuronium	8.52649006622516	2.953832332594919e-183	5	0.1442	0.016912
706	prostaglandin E1	pantoprazole	29.814985137705968	3.815546509683258e-193	10	0.3282	0.030602422907500003
707	prostaglandin E1	pentoxifylline	96.1784491464101	9.246301646900485e-206	5	0.1483	0.0015419254658
708	prostaglandin E1	pioglitazone	4.64281620546317	8.657303289416197e-156	4	0.1466	0.031575663026999996
709	prostaglandin E1	pravastatin	328.7145258019359	4.4431537590101285e-129	9	0.2668	0.011557170542899998
710	prostaglandin E1	prednisolone	16.317330702299902	1.28610981076792e-09	6	0.1552	0.046363049095299994
711	prostaglandin E1	prednisone	24.3367004760274	6.290298954381118e-219	5	0.1519	0.0062416020672000005
712	prostaglandin E1	propofol	24.658854508426803	2.0660656441842894e-77	8	0.12519999999999998	0.0103698979592
713	prostaglandin E1	ramipril	59.14583429412409	3.1748629957817594e-132	8	0.16820000000000002	0.0069190581309999995
714	prostaglandin E1	risperidone	121.932253885415	0.0	5	0.4017	0.0032944523471
715	prostaglandin E1	rosiglitazone	11.0130127297821	2.483252949818369e-249	5	0.2049	0.018605263158
716	prostaglandin E1	rosuvastatin	49.39075426653207	1.2478869151747192e-211	10	0.44910000000000005	0.0297207207203
717	prostaglandin E1	salbutamol	3.5011824100251205	1.3366144368102897e-148	4	0.1685	0.048126598464999996
718	prostaglandin E1	sevoflurane	6.58780680911667	8.995164065110038e-171	4	0.1364	0.020704918033
719	prostaglandin E1	sildenafil	27.93902915644867	6.669583800489639e-28	10	0.1471	0.02417086834772
720	prostaglandin E1	simvastatin	23.7437817420505	2.0987742206127695e-21	7	0.10269999999999999	0.014116104868900001
721	prostaglandin E1	sodium bicarbonate	19.7770177838199	7.171206029446716e-178	5	0.1185	0.0059918032787
722	prostaglandin E1	spironolactone	2.17743404815483	4.53598620039298e-22	3	0.0334	0.01533915575
723	prostaglandin E1	sulfate	19.3134718829145	0.0	5	0.3333	0.017257383966
724	prostaglandin E1	tacrolimus	10.498045382567701	3.6128772114453788e-149	8	0.2678	0.06049122807
725	prostaglandin E1	tadalafil	15.634556384723698	1.5613955334495302e-08	6	0.0865	0.034947019868
726	prostaglandin E1	tamsulosin	17.527981647214922	3.430688057728169e-107	9	0.244	0.050390476190200005
727	prostaglandin E1	testosterone	82.9925311201942	2.797010297490809e-228	5	0.1613	0.0019435483870999999
728	prostaglandin E1	thyroxine	13.097290333354099	9.928953601788627e-137	4	0.0903	0.0068945558739
729	prostaglandin E1	triazolam	5.74753233495595	1.9154047130449795e-157	4	0.1425	0.024793248945
730	prostaglandin E1	ursodeoxycholic acid	9.05988370721562	2.30594162840781e-42	7	0.17109999999999997	0.035233009709
731	prostaglandin E1	valsartan	135.902439025385	1.6026364967421896e-133	4	0.0796	0.00058571428571
732	prostaglandin E1	vancomycin	118.3515912342573	2.5961921706083596e-78	9	0.19729999999999998	0.0051017543858999995
733	prostaglandin E1	vardenafil	1.1780846325251002	0.00286739308701876	2	0.0348	0.029539473684
734	prostaglandin E1	vecuronium	13.63360059582423	1.8887355290063693e-147	9	0.2838	0.051362637362
735	prostaglandin E1	verapamil	26.548472222517198	6.205289371353898e-180	5	0.1162	0.004376899696
736	prostaglandin E1	vitamin B12	129.244949495325	4.731427899677798e-189	5	0.127	0.00098263027295
737	prostaglandin E1	voriconazole	5.6306370794358305	2.994164200986979e-85	4	0.0684	0.012147826087
738	prostaglandin E1	warfarin	27.042907727838397	1.2969732000873797e-162	4	0.1073	0.003967768595
739	prostaglandin E1	zolpidem	32.47228311867182	4.9116083745170315e-59	10	0.2747	0.08635680751140001
